-- 系统权限添加语句

insert  into `tb_role`(`id`,`create_time`,`description`,`role_key`,`name`,`status`,`update_time`) values (1,'2018-04-20 17:25:30','超级管理员','administrator','administrator',0,'2018-04-20 17:26:25');
insert  into `tb_user`(`id`,`address`,`birthday`,`create_time`,`delete_status`,`description`,`email`,`locked`,`nick_name`,`password`,`sex`,`telephone`,`update_time`,`user_name`) values (1,'湖南','2018-04-20 17:26:39','2018-04-20 17:26:41',0,'超级管理员','barry.lyj@outlook.com',0,'admin','3931MUEQD1939MQMLM4AISPVNE',1,'15000000000','2018-04-20 17:27:11','admin');
insert  into `tb_user_role`(`user_id`,`role_id`) values (1,1);

-- 系统管理
insert  into `tb_resource`(`id`,`create_time`,`description`,`icon`,`is_hide`,`level`,`name`,`sort`,`source_key`,`source_url`,`type`,`update_time`,`parent_id`) values(1,'2018-04-20 13:56:51','系统管理',NULL,0,1,'系统管理',1,'system:index','/system/index',1,'2018-01-10 13:59:01',NULL);
-- 用户、角色、资源、druid监控、swagger监控
insert  into `tb_resource`(`id`,`create_time`,`description`,`icon`,`is_hide`,`level`,`name`,`sort`,`source_key`,`source_url`,`type`,`update_time`,`parent_id`) values(2,'2018-04-20 13:56:51','用户管理',NULL,0,2,'用户管理',1,'system:user:index','/admin/user/index',1,'2018-01-10 13:59:01',1),(3,'2018-01-10 13:56:51','用户编辑',NULL,0,3,'用户编辑',1,'system:user:edit','/admin/user/edit*',2,'2018-01-10 16:26:42',2),(4,'2018-01-11 16:48:48','用户添加',NULL,0,3,'用户添加',2,'system:user:add','/admin/user/add',2,'2018-01-11 16:49:26',2),(5,'2018-01-11 16:48:48','用户删除',NULL,0,3,'用户删除',3,'system:user:deleteBatch','/admin/user/deleteBatch',2,'2018-01-18 14:11:41',2),(6,'2018-01-11 16:48:48','角色分配',NULL,0,3,'角色分配',4,'system:user:grant','/admin/user/grant/**',2,'2018-01-18 14:11:51',2);
insert  into `tb_resource`(`id`,`create_time`,`description`,`icon`,`is_hide`,`level`,`name`,`sort`,`source_key`,`source_url`,`type`,`update_time`,`parent_id`) values(7,'2018-01-12 16:45:10','角色管理',NULL,0,2,'角色管理',2,'system:role:index','/admin/role/index',1,'2018-01-12 16:46:52',1),(8,'2018-01-12 16:47:02','角色编辑',NULL,0,3,'角色编辑',1,'system:role:edit','/admin/role/edit*',2,'2018-01-18 10:24:06',7),(9,'2018-01-12 16:47:23','角色添加',NULL,0,3,'角色添加',2,'system:role:add','/admin/role/add',2,'2018-01-12 16:49:16',7),(10,'2018-01-12 16:47:23','角色删除',NULL,0,3,'角色删除',3,'system:role:deleteBatch','/admin/role/deleteBatch',2,'2018-01-18 14:12:03',7),(11,'2018-01-12 16:47:23','资源分配',NULL,0,3,'资源分配',4,'system:role:grant','/admin/role/grant/**',2,'2018-01-18 14:12:11',7);
insert  into `tb_resource`(`id`,`create_time`,`description`,`icon`,`is_hide`,`level`,`name`,`sort`,`source_key`,`source_url`,`type`,`update_time`,`parent_id`) values(12,'2018-04-20 11:21:12','资源管理',NULL,0,2,'资源管理',3,'system:resource:index','/admin/resource/index',1,'2018-04-20 11:21:42',1),(13,'2018-04-20 11:21:52','资源编辑',NULL,0,3,'资源编辑',1,'system:resource:edit','/admin/resource/edit*',2,'2018-04-20 11:22:36',12),(14,'2018-04-20 11:21:54','资源添加',NULL,0,3,'资源添加',2,'system:resource:add','/admin/resource/add',2,'2018-04-20 11:22:39',12),(15,'2018-04-20 11:21:54','资源删除',NULL,0,3,'资源删除',3,'system:resource:deleteBatch','/admin/resource/deleteBatch',2,'2018-01-18 14:12:31',12);
insert  into `tb_resource`(`id`,`create_time`,`description`,`icon`,`is_hide`,`level`,`name`,`sort`,`source_key`,`source_url`,`type`,`update_time`,`parent_id`) values(16,'2018-04-20 11:21:54','druid监控',NULL,0,2,'druid监控',4,'system:druid:index','/druid',1,'2018-01-18 14:12:31',1);
insert  into `tb_resource`(`id`,`create_time`,`description`,`icon`,`is_hide`,`level`,`name`,`sort`,`source_key`,`source_url`,`type`,`update_time`,`parent_id`) values(17,'2018-04-20 11:21:54','swagger接口文档',NULL,0,2,'swagger接口文档',5,'system:swagger:index','/swagger-ui.html',1,'2018-01-18 14:12:31',1);

insert  into `tb_role_resource`(`role_id`,`resource_id`) values (1,1),(1,2),(1,3),(1,4),(1,5),(1,6),(1,7),(1,8),(1,9),(1,10),(1,11),(1,12),(1,13),(1,14),(1,15),(1,16),(1,17);




-- 系统 plan功能添加语句
-- 项目管理  》 项目管理、模块管理、环节管理
insert  into `tb_resource`(`id`,`create_time`,`description`,`icon`,`is_hide`,`level`,`name`,`sort`,`source_key`,`source_url`,`type`,`update_time`,`parent_id`) values(18,'2018-04-20 13:56:51','项目管理',NULL,0,1,'项目管理',1,'system:index','/system/index',1,'2018-01-10 13:59:01',NULL);
insert  into `tb_resource`(`id`,`create_time`,`description`,`icon`,`is_hide`,`level`,`name`,`sort`,`source_key`,`source_url`,`type`,`update_time`,`parent_id`) values(19,'2018-04-20 11:21:12','项目管理',NULL,0,2,'项目管理',3,'plan:project:index','/plan/resource/index',1,'2018-04-20 11:21:42',18),(20,'2018-04-20 11:21:52','项目编辑',NULL,0,3,'项目编辑',1,'plan:project:edit','/plan/project/edit*',2,'2018-04-20 11:22:36',19),(21,'2018-04-20 11:21:54','项目添加',NULL,0,3,'项目添加',2,'plan:project:add','/plan/project/add',2,'2018-04-20 11:22:39',20),(22,'2018-04-20 11:21:54','项目删除',NULL,0,3,'项目删除',3,'plan:project:deleteBatch','/plan/project/deleteBatch',2,'2018-01-18 14:12:31',20);
insert  into `tb_resource`(`id`,`create_time`,`description`,`icon`,`is_hide`,`level`,`name`,`sort`,`source_key`,`source_url`,`type`,`update_time`,`parent_id`) values(23,'2018-04-20 11:21:12','模块管理',NULL,0,2,'模块管理',3,'plan:module:index','/plan/module/index',1,'2018-04-20 11:21:42',18),(24,'2018-04-20 11:21:52','模块编辑',NULL,0,3,'模块编辑',1,'plan:module:edit','/plan/module/edit*',2,'2018-04-20 11:22:36',23),(25,'2018-04-20 11:21:54','模块添加',NULL,0,3,'模块添加',2,'plan:module:add','/plan/module/add',2,'2018-04-20 11:22:39',23),(26,'2018-04-20 11:21:54','模块删除',NULL,0,3,'模块删除',3,'plan:module:deleteBatch','/plan/module/deleteBatch',2,'2018-01-18 14:12:31',23);
insert  into `tb_resource`(`id`,`create_time`,`description`,`icon`,`is_hide`,`level`,`name`,`sort`,`source_key`,`source_url`,`type`,`update_time`,`parent_id`) values(27,'2018-04-20 11:21:12','环节管理',NULL,0,2,'环节管理',3,'plan:tache:index','/plan/tache/index',1,'2018-04-20 11:21:42',18),(28,'2018-04-20 11:21:52','环节编辑',NULL,0,3,'环节编辑',1,'plan:tache:edit','/plan/tache/edit*',2,'2018-04-20 11:22:36',27),(29,'2018-04-20 11:21:54','环节添加',NULL,0,3,'环节添加',2,'plan:tache:add','/plan/tache/add',2,'2018-04-20 11:22:39',27),(30,'2018-04-20 11:21:54','环节删除',NULL,0,3,'环节删除',3,'plan:tache:deleteBatch','/plan/tache/deleteBatch',2,'2018-01-18 14:12:31',27);


insert  into `tb_role_resource`(`role_id`,`resource_id`) values (1,18),(1,19),(1,20),(1,21),(1,22),(1,23),(1,24),(1,25),(1,26),(1,27),(1,28),(1,29),(1,30);


insert into t_project (id,`name`,stat,create_time,create_comment,update_time,update_comment )values (1,'作业本',0,now(),'创建作业本项目',now(),'修改作业本项目');
insert  into `tb_role`(`id`,`create_time`,`description`,`role_key`,`name`,`status`,`update_time`) values(2,'2018-04-20 17:25:30','产品描述','product','产品',0,'2018-04-20 17:26:25'),(3,'2018-04-20 17:25:30','开发描述','administrator','develop',0,'2018-04-20 17:26:25'),(4,'2018-04-20 17:25:30','测试描述','test','测试',0,'2018-04-20 17:26:25');
